,HTT,SMN1,SMN2
dPSI_SH_BIO_2178782_10x_vs_SH_BIO_1949634_10x,0.254924595694105,NA,NA
dPSI_SH_BIO_2178782_03x_vs_SH_BIO_1949634_03x,-0.352467365778297,NA,NA
dPSI_SH_BIO_2196772_10x_vs_SH_BIO_1949634_10x,0.408636791561804,NA,NA
dPSI_SH_BIO_2196772_03x_vs_SH_BIO_1949634_03x,-0.327881869835939,NA,NA
dPSI_SH_BIO_2196895_10x_vs_SH_BIO_1949634_10x,NA,NA,NA
dPSI_SH_BIO_2196895_03x_vs_SH_BIO_1949634_03x,NA,NA,NA
dPSI_SH_BIO_2197306_10x_vs_SH_BIO_1949634_10x,0.299228256359535,NA,NA
dPSI_SH_BIO_2197306_03x_vs_SH_BIO_1949634_03x,NA,NA,NA
dPSI_SH_BIO_2199562_10x_vs_SH_BIO_1949634_10x,0.282881362791464,NA,NA
dPSI_SH_BIO_2199562_03x_vs_SH_BIO_1949634_03x,-0.368561726448802,NA,NA
dPSI_SH_BIO_2204984_10x_vs_SH_BIO_1949634_10x,-0.272101932332687,NA,NA
dPSI_SH_BIO_2204984_03x_vs_SH_BIO_1949634_03x,NA,NA,NA
dPSI_SH_BIO_2207180_10x_vs_SH_BIO_1949634_10x,NA,NA,NA
dPSI_SH_BIO_2207180_03x_vs_SH_BIO_1949634_03x,NA,NA,NA
