,dPSI_GM_BIO_1949634_10x_vs_GM_DMSO,dPSI_GM_BIO_1949634_3x_vs_GM_DMSO,dPSI_GM_BIO_2178782_10x_vs_GM_BIO_1949634_10x,dPSI_GM_BIO_2178782_10x_vs_GM_DMSO,dPSI_GM_BIO_2178782_3x_vs_GM_BIO_1949634_3x,dPSI_GM_BIO_2178782_3x_vs_GM_DMSO,dPSI_GM_BIO_2186827_10x_vs_GM_BIO_1949634_10x,dPSI_GM_BIO_2186827_10x_vs_GM_DMSO,dPSI_GM_BIO_2186827_3x_vs_GM_BIO_1949634_3x,dPSI_GM_BIO_2186827_3x_vs_GM_DMSO,dPSI_GM_BIO_2196772_10x_vs_GM_BIO_1949634_10x,dPSI_GM_BIO_2196772_10x_vs_GM_DMSO,dPSI_GM_BIO_2196772_3x_vs_GM_BIO_1949634_3x,dPSI_GM_BIO_2196772_3x_vs_GM_DMSO,dPSI_GM_BIO_2196895_10x_vs_GM_BIO_1949634_10x,dPSI_GM_BIO_2196895_10x_vs_GM_DMSO,dPSI_GM_BIO_2196895_3x_vs_GM_BIO_1949634_3x,dPSI_GM_BIO_2196895_3x_vs_GM_DMSO,dPSI_GM_BIO_2197306_10x_vs_GM_BIO_1949634_10x,dPSI_GM_BIO_2197306_10x_vs_GM_DMSO,dPSI_GM_BIO_2197306_3x_vs_GM_BIO_1949634_3x,dPSI_GM_BIO_2197306_3x_vs_GM_DMSO,dPSI_GM_BIO_2199562_10x_vs_GM_BIO_1949634_10x,dPSI_GM_BIO_2199562_10x_vs_GM_DMSO,dPSI_GM_BIO_2199562_3x_vs_GM_BIO_1949634_3x,dPSI_GM_BIO_2199562_3x_vs_GM_DMSO,dPSI_GM_BIO_2201042_10x_vs_GM_BIO_1949634_10x,dPSI_GM_BIO_2201042_10x_vs_GM_DMSO,dPSI_GM_BIO_2201042_3x_vs_GM_BIO_1949634_3x,dPSI_GM_BIO_2201042_3x_vs_GM_DMSO,dPSI_GM_BIO_2204984_10x_vs_GM_BIO_1949634_10x,dPSI_GM_BIO_2204984_10x_vs_GM_DMSO,dPSI_GM_BIO_2204984_3x_vs_GM_BIO_1949634_3x,dPSI_GM_BIO_2204984_3x_vs_GM_DMSO,dPSI_GM_BIO_2206678_10x_vs_GM_BIO_1949634_10x,dPSI_GM_BIO_2206678_10x_vs_GM_DMSO,dPSI_GM_BIO_2206678_3x_vs_GM_BIO_1949634_3x,dPSI_GM_BIO_2206678_3x_vs_GM_DMSO,dPSI_GM_BIO_2207180_10x_vs_GM_BIO_1949634_10x,dPSI_GM_BIO_2207180_10x_vs_GM_DMSO,dPSI_GM_BIO_2207180_3x_vs_GM_BIO_1949634_3x,dPSI_GM_BIO_2207180_3x_vs_GM_DMSO
HTT,NA,NA,0.573112312189633,0.582198416289087,0.251316009262097,0.266403815642086,0.561645080733584,0.7883,0.351136012833806,0.367161960713191,0.530291565477935,0.539776822340117,NA,NA,NA,NA,NA,NA,0.396879106631835,0.7018,NA,NA,0.461609220634649,0.473243371805418,0.38391297487899,0.399609511466205,0.7135,0.7312,-0.367444445292278,0.267237034582992,0.447043597358196,0.453920540500968,NA,NA,0.316328748690769,0.312821592266631,NA,NA,NA,NA,NA,NA
SMN2,-0.443,-0.382,NA,-0.447,NA,-0.43,NA,-0.441,NA,-0.379,NA,-0.446,NA,-0.416,NA,-0.441,NA,-0.367,-0.582,-0.448,NA,-0.4,NA,-0.444,NA,-0.415,NA,-0.36,NA,NA,-0.581,-0.447,NA,-0.304,NA,NA,NA,NA,NA,-0.377,NA,-0.344
